review,sentiment,score
"Absolutely loved Joker, Joaquin Phoenix was phenomenal.",POSITIVE,0.9998656511306763
The movie was too dark and depressing for me.,NEGATIVE,0.9997795224189758
"Brilliant storytelling, kept me hooked till the end.",POSITIVE,0.9998503923416138
"Too violent, not my type of film.",NEGATIVE,0.9994753003120422
Masterpiece! One of the best movies of the decade.,POSITIVE,0.9998576641082764
"I didn’t understand the hype, it was just okay.",POSITIVE,0.9996578693389893
Incredible acting and cinematography.,POSITIVE,0.9998795986175537
The pacing was slow and boring.,NEGATIVE,0.9997437596321106
A chilling performance by Joaquin Phoenix.,POSITIVE,0.9998132586479187
"Overrated, I expected more.",NEGATIVE,0.9941437840461731
"Absolutely loved Joker, Joaquin Phoenix was phenomenal.",POSITIVE,0.9998656511306763
The movie was too dark and depressing for me.,NEGATIVE,0.9997795224189758
"Brilliant storytelling, kept me hooked till the end.",POSITIVE,0.9998503923416138
"Too violent, not my type of film.",NEGATIVE,0.9994753003120422
Masterpiece! One of the best movies of the decade.,POSITIVE,0.9998576641082764
"I didn’t understand the hype, it was just okay.",POSITIVE,0.9996578693389893
Incredible acting and cinematography.,POSITIVE,0.9998795986175537
The pacing was slow and boring.,NEGATIVE,0.9997437596321106
A chilling performance by Joaquin Phoenix.,POSITIVE,0.9998132586479187
"Overrated, I expected more.",NEGATIVE,0.9941437840461731
"Absolutely loved Joker, Joaquin Phoenix was phenomenal.",POSITIVE,0.9998656511306763
The movie was too dark and depressing for me.,NEGATIVE,0.9997795224189758
"Brilliant storytelling, kept me hooked till the end.",POSITIVE,0.9998503923416138
"Too violent, not my type of film.",NEGATIVE,0.9994753003120422
Masterpiece! One of the best movies of the decade.,POSITIVE,0.9998576641082764
"I didn’t understand the hype, it was just okay.",POSITIVE,0.9996578693389893
Incredible acting and cinematography.,POSITIVE,0.9998795986175537
The pacing was slow and boring.,NEGATIVE,0.9997437596321106
A chilling performance by Joaquin Phoenix.,POSITIVE,0.9998132586479187
"Overrated, I expected more.",NEGATIVE,0.9941437840461731
"Absolutely loved Joker, Joaquin Phoenix was phenomenal.",POSITIVE,0.9998656511306763
The movie was too dark and depressing for me.,NEGATIVE,0.9997795224189758
"Brilliant storytelling, kept me hooked till the end.",POSITIVE,0.9998503923416138
"Too violent, not my type of film.",NEGATIVE,0.9994753003120422
Masterpiece! One of the best movies of the decade.,POSITIVE,0.9998576641082764
"I didn’t understand the hype, it was just okay.",POSITIVE,0.9996578693389893
Incredible acting and cinematography.,POSITIVE,0.9998795986175537
The pacing was slow and boring.,NEGATIVE,0.9997437596321106
A chilling performance by Joaquin Phoenix.,POSITIVE,0.9998132586479187
"Overrated, I expected more.",NEGATIVE,0.9941437840461731
"Absolutely loved Joker, Joaquin Phoenix was phenomenal.",POSITIVE,0.9998656511306763
The movie was too dark and depressing for me.,NEGATIVE,0.9997795224189758
"Brilliant storytelling, kept me hooked till the end.",POSITIVE,0.9998503923416138
"Too violent, not my type of film.",NEGATIVE,0.9994753003120422
Masterpiece! One of the best movies of the decade.,POSITIVE,0.9998576641082764
"I didn’t understand the hype, it was just okay.",POSITIVE,0.9996578693389893
Incredible acting and cinematography.,POSITIVE,0.9998795986175537
The pacing was slow and boring.,NEGATIVE,0.9997437596321106
A chilling performance by Joaquin Phoenix.,POSITIVE,0.9998132586479187
"Overrated, I expected more.",NEGATIVE,0.9941437840461731
